{
  "orientation": "Vertical",
  "nodeLayouts": {
    "inputs": {
      "x": 149.9126378440073,
      "y": 457.1143179476179,
      "index": -1
    },
    "outputs": {
      "x": 164.47599451303165,
      "y": 1138.9523765030222,
      "index": -1
    },
    "augment": {
      "x": 304.64060356652953,
      "y": 1054.2062325183256,
      "height": 75,
      "index": 6
    },
    "rephase_question": {
      "x": 255.17335256987303,
      "y": 517.5418381344307,
      "height": 75,
      "index": 0
    },
    "extract_keywords": {
      "x": 73.72839506172838,
      "y": 628.2917098685057,
      "height": 75,
      "index": 1
    },
    "embbed_question": {
      "x": 338.6666666666667,
      "y": 675.3333333333334,
      "height": 75,
      "index": 2
    },
    "keyword_search_bm25": {
      "x": 66.86968449931412,
      "y": 823.9890260631001,
      "height": 75,
      "index": 3
    },
    "consolidate_context": {
      "x": 305.1321165820044,
      "y": 950.7425836843066,
      "height": 75,
      "index": 5
    },
    "semantic_hybrid_search": {
      "x": 343.83976538387344,
      "y": 794.7880658436213,
      "height": 75,
      "index": 4
    }
  },
  "viewport": {
    "transformMatrix": [
      0.6000000000000001,
      0,
      0,
      0.6000000000000001,
      88.61523437500011,
      -233.45000357627862
    ]
  }
}